<?xml version="1.0" encoding="UTF-8"?>
<!DOCTYPE suite SYSTEM "https://testng.org/testng-1.0.dtd">
<suite name="Suite">
<parameter name='browser' value='chrome'></parameter>
  <test thread-count="5" name="Test">
    <classes>
      <class name="com.sree.positivetestcases.TC01_ValidData_AllFields"/>
      <class name="com.sree.positivetestcases.TC02_ValidData_MandatoryFields_RoundTrip"/>
      <class name="com.sree.positivetestcases.TC03_ValidData_MandatoryFields_OneWay"/>
    </classes>
  </test> <!-- Test -->
</suite> <!-- Suite -->
